marco,cellini,1239845903,marco.cellini@gdm.co,sabato 4 marzo 2023,128 via vatte la pesca Torino TO 12380
loloo,riz,7893210934,looro@gma.com,venerdì 22 luglio 2005,12 corso unione sovietica Torino TO 19390
antonio,apetroaie,67892343209,ape@gma.com,sabato 4 marzo 2023,3 via vatte la pesca Torino TO 12309
andrea,channel,5678902309,channel.canale@gdsm.com,sabato 4 marzo 2023,8 via falchera Torino TO 89344
marco,cellini,1239845903,marco.cellini@gdm.co,sabato 4 marzo 2023,128 via vatte la pesca Torino TO 12380
loloo,riz,7893210934,looro@gma.com,venerdì 22 luglio 2005,12 corso unione sovietica Torino TO 19390
antonio,apetroaie,67892343209,ape@gma.com,sabato 4 marzo 2023,3 via vatte la pesca Torino TO 12309
andrea,channel,5678902309,channel.canale@gdsm.com,sabato 4 marzo 2023,8 via falchera Torino TO 89344
marco,cellini,1239845903,marco.cellini@gdm.co,sabato 4 marzo 2023,128 via vatte la pesca Torino TO 12380
loloo,riz,7893210934,looro@gma.com,venerdì 22 luglio 2005,12 corso unione sovietica Torino TO 19390
antonio,apetroaie,67892343209,ape@gma.com,sabato 4 marzo 2023,3 via vatte la pesca Torino TO 12309
andrea,channel,5678902309,channel.canale@gdsm.com,sabato 4 marzo 2023,8 via falchera Torino TO 89344
marco,cellini,1239845903,marco.cellini@gdm.co,sabato 4 marzo 2023,128 via vatte la pesca Torino TO 12380
loloo,riz,7893210934,looro@gma.com,venerdì 22 luglio 2005,12 corso unione sovietica Torino TO 19390
antonio,apetroaie,67892343209,ape@gma.com,sabato 4 marzo 2023,3 via vatte la pesca Torino TO 12309
andrea,channel,5678902309,channel.canale@gdsm.com,sabato 4 marzo 2023,8 via falchera Torino TO 89344
marco,cellini,1239845903,marco.cellini@gdm.co,sabato 4 marzo 2023,128 via vatte la pesca Torino TO 12380
loloo,riz,7893210934,looro@gma.com,venerdì 22 luglio 2005,12 corso unione sovietica Torino TO 19390
antonio,apetroaie,67892343209,ape@gma.com,sabato 4 marzo 2023,3 via vatte la pesca Torino TO 12309
andrea,channel,5678902309,channel.canale@gdsm.com,sabato 4 marzo 2023,8 via falchera Torino TO 89344
marco,cellini,1239845903,marco.cellini@gdm.co,sabato 4 marzo 2023,128 via vatte la pesca Torino TO 12380
loloo,riz,7893210934,looro@gma.com,venerdì 22 luglio 2005,12 corso unione sovietica Torino TO 19390
antonio,apetroaie,67892343209,ape@gma.com,sabato 4 marzo 2023,3 via vatte la pesca Torino TO 12309
andrea,channel,5678902309,channel.canale@gdsm.com,sabato 4 marzo 2023,8 via falchera Torino TO 89344
marco,cellini,1239845903,marco.cellini@gdm.co,sabato 4 marzo 2023,128 via vatte la pesca Torino TO 12380
loloo,riz,7893210934,looro@gma.com,venerdì 22 luglio 2005,12 corso unione sovietica Torino TO 19390
antonio,apetroaie,67892343209,ape@gma.com,sabato 4 marzo 2023,3 via vatte la pesca Torino TO 12309
andrea,channel,5678902309,channel.canale@gdsm.com,sabato 4 marzo 2023,8 via falchera Torino TO 89344
marco,cellini,1239845903,marco.cellini@gdm.co,sabato 4 marzo 2023,128 via vatte la pesca Torino TO 12380
loloo,riz,7893210934,looro@gma.com,venerdì 22 luglio 2005,12 corso unione sovietica Torino TO 19390
antonio,apetroaie,67892343209,ape@gma.com,sabato 4 marzo 2023,3 via vatte la pesca Torino TO 12309
andrea,channel,5678902309,channel.canale@gdsm.com,sabato 4 marzo 2023,8 via falchera Torino TO 89344
marco,cellini,1239845903,marco.cellini@gdm.co,sabato 4 marzo 2023,128 via vatte la pesca Torino TO 12380
loloo,riz,7893210934,looro@gma.com,venerdì 22 luglio 2005,12 corso unione sovietica Torino TO 19390
antonio,apetroaie,67892343209,ape@gma.com,sabato 4 marzo 2023,3 via vatte la pesca Torino TO 12309
andrea,channel,5678902309,channel.canale@gdsm.com,sabato 4 marzo 2023,8 via falchera Torino TO 89344
fofi,kjldfskjl,8989430932,asdfmam@mgmm.mc,sabato 4 marzo 2023,89 via gino Torino TO 78923
